generation;idx;fitness;param0;param1;param2;param3;param4;param5;param6;param7;param8;param9
1;0;1.6610169491525424;-d;;;;;;;;;
1;1;1.5806451612903225;-d;;-ct;-cta;1.0;-ctb;1;;;
1;2;1.5806451612903225;-d;;-ct;-cta;0.0;-ctb;1;-rsd;-r;5
1;3;1.6610169491525424;-d;-rrt;-ct;-cta;0.0;-ctb;1;-rsd;-r;10
1;4;1.6610169491525424;-d;;-ct;-cta;0.0;-ctb;3;;;
1;5;1.5555555555555556;-d;-rrt;;;;;;-rsd;-r;1
1;6;1.5806451612903225;;;;;;;;;;
1;7;1.53125;;;-ct;-cta;1.0;-ctb;1;;;
1;8;1.5076923076923077;;;-ct;-cta;0.33;-ctb;1;;;
1;9;1.3611111111111112;;;-ct;-cta;0.67;-ctb;3;;;
1;10;1.5555555555555556;;-rrt;-ct;-cta;0.67;-ctb;1;-rsd;-r;5
1;11;1.5555555555555556;-d;;;;;;;-rsd;-r;1
1;12;1.3611111111111112;;-rrt;-ct;-cta;0.67;-ctb;3;;;
1;13;1.4202898550724639;;-rrt;-ct;-cta;0.33;-ctb;3;;;
1;14;1.53125;;-rrt;;;;;;-rsd;-r;5
1;15;1.5806451612903225;;-rrt;;;;;;;;
1;16;1.380281690140845;;;-ct;-cta;1.0;-ctb;3;-rsd;-r;10
1;17;1.53125;;;;;;;;-rsd;-r;5
1;18;1.6610169491525424;-d;-rrt;;;;;;-rsd;-r;10
1;19;1.4411764705882353;-d;;-ct;-cta;1.0;-ctb;3;;;
1;20;1.1951219512195121;-d;;-ct;-cta;0.33;-ctb;10;;;
1;21;1.53125;;;;;;;;-rsd;-r;10
1;22;1.4202898550724639;;;-ct;-cta;0.33;-ctb;3;-rsd;-r;10
1;23;1.0;-d;-rrt;-ct;-cta;1.0;-ctb;10;;;
1;24;1.5076923076923077;;-rrt;-ct;-cta;0.0;-ctb;3;;;
1;25;1.380281690140845;;;-ct;-cta;1.0;-ctb;3;;;
1;26;1.6610169491525424;-d;-rrt;;;;;;;;
1;27;1.6065573770491803;-d;-rrt;-ct;-cta;0.33;-ctb;1;;;
1;28;1.180722891566265;;-rrt;-ct;-cta;0.67;-ctb;10;;;
1;29;1.5555555555555556;-d;;-ct;-cta;0.67;-ctb;1;;;
1;30;1.6065573770491803;-d;;-ct;-cta;0.33;-ctb;1;;;
1;31;1.5555555555555556;;-rrt;-ct;-cta;0.67;-ctb;1;;;
1;32;1.5076923076923077;;;-ct;-cta;0.0;-ctb;1;-rsd;-r;1
1;33;1.4202898550724639;;-rrt;-ct;-cta;0.33;-ctb;3;-rsd;-r;5
1;34;1.5555555555555556;;;-ct;-cta;0.67;-ctb;1;;;
1;35;1.5806451612903225;;;-ct;-cta;0.0;-ctb;1;;;
1;36;1.53125;;-rrt;-ct;-cta;1.0;-ctb;1;-rsd;-r;1
1;37;1.5806451612903225;-d;;;;;;;-rsd;-r;5
1;38;1.0;-d;;-ct;-cta;1.0;-ctb;10;;;
1;39;1.1951219512195121;-d;-rrt;-ct;-cta;0.33;-ctb;10;;;
2;0;1.5806451612903225;;-rrt;;;;;;;;
2;1;1.5806451612903225;;;-ct;-cta;0.0;-ctb;1;;;
2;2;1.5806451612903225;-d;;;;;;;-rsd;-r;5
2;3;1.6065573770491803;-d;-rrt;-ct;-cta;0.33;-ctb;1;;;
2;4;1.6065573770491803;-d;;-ct;-cta;0.33;-ctb;1;;;
2;5;1.6610169491525424;-d;;;;;;;;;
2;6;1.6610169491525424;-d;-rrt;-ct;-cta;0.0;-ctb;1;-rsd;-r;10
2;7;1.6610169491525424;-d;;-ct;-cta;0.0;-ctb;3;;;
2;8;1.6610169491525424;-d;-rrt;;;;;;-rsd;-r;10
2;9;1.6610169491525424;-d;-rrt;;;;;;;;
2;10;1.6610169491525424;-d;-rrt;;;;;;-rsd;-r;10
2;11;1.6610169491525424;-d;-rrt;;;;;;-rsd;-r;10
2;12;1.6610169491525424;-d;-rrt;-ct;-cta;0.0;-ctb;3;;;
2;13;1.5076923076923077;;-rrt;-ct;-cta;0.33;-ctb;1;;;
2;14;1.2894736842105263;-d;;-ct;-cta;0.0;-ctb;10;;;
2;15;1.5806451612903225;;;;;;;;;;
2;16;1.6065573770491803;-d;-rrt;-ct;-cta;1.0;-ctb;1;;;
2;17;1.5806451612903225;;-rrt;;;;;;;;
2;18;1.6610169491525424;-d;-rrt;;;;;;;;
2;19;1.6610169491525424;-d;-rrt;;;;;;;;
2;20;1.5555555555555556;-d;;-ct;-cta;0.33;-ctb;3;-rsd;-r;5
2;21;1.1951219512195121;-d;;-ct;-cta;0.33;-ctb;10;-rsd;-r;5
2;22;1.5076923076923077;-d;-rrt;-ct;-cta;0.33;-ctb;3;-rsd;-r;1
2;23;1.5806451612903225;;;-ct;-cta;0.0;-ctb;1;;;
2;24;1.6610169491525424;-d;;-ct;-cta;0.0;-ctb;1;;;
2;25;1.5806451612903225;;-rrt;-ct;-cta;0.0;-ctb;1;;;
2;26;1.5555555555555556;-d;;;;;;;-rsd;-r;1
2;27;1.5555555555555556;-d;;-ct;-cta;0.67;-ctb;1;-rsd;-r;1
2;28;1.6610169491525424;-d;-rrt;;;;;;;;
2;29;1.6610169491525424;-d;;;;;;;;;
2;30;1.5806451612903225;;-rrt;;;;;;;;
2;31;1.53125;;;;;;;;-rsd;-r;5
2;32;1.6610169491525424;-d;;;;;;;;;
2;33;1.5555555555555556;-d;;-ct;-cta;0.0;-ctb;1;-rsd;-r;1
2;34;1.53125;-d;;-ct;-cta;0.0;-ctb;3;-rsd;-r;1
2;35;1.240506329113924;;-rrt;-ct;-cta;0.0;-ctb;10;-rsd;-r;5
2;36;1.53125;;;-ct;-cta;1.0;-ctb;1;;;
2;37;1.6610169491525424;-d;-rrt;;;;;;;;
2;38;1.5806451612903225;-d;;-ct;-cta;1.0;-ctb;1;;;
2;39;1.5806451612903225;;-rrt;;;;;;;;
3;0;1.6610169491525424;-d;-rrt;;;;;;-rsd;-r;10
3;1;1.6610169491525424;-d;-rrt;;;;;;-rsd;-r;10
3;2;1.6610169491525424;-d;-rrt;-ct;-cta;0.0;-ctb;3;;;
3;3;1.6610169491525424;-d;-rrt;;;;;;;;
3;4;1.6610169491525424;-d;-rrt;;;;;;;;
3;5;1.6610169491525424;-d;;-ct;-cta;0.0;-ctb;1;;;
3;6;1.6610169491525424;-d;-rrt;;;;;;;;
3;7;1.6610169491525424;-d;;;;;;;;;
3;8;1.6610169491525424;-d;;;;;;;;;
3;9;1.6610169491525424;-d;-rrt;;;;;;;;
3;10;1.462686567164179;-d;-rrt;-ct;-cta;0.67;-ctb;3;;;
3;11;1.2894736842105263;-d;-rrt;-ct;-cta;0.0;-ctb;10;;;
3;12;1.6610169491525424;-d;-rrt;;;;;;-rsd;-r;10
3;13;1.6610169491525424;-d;;-ct;-cta;0.0;-ctb;3;;;
3;14;1.5806451612903225;-d;;-ct;-cta;1.0;-ctb;1;;;
3;15;1.53125;-d;-rrt;-ct;-cta;0.0;-ctb;3;-rsd;-r;1
3;16;1.180722891566265;-d;-rrt;-ct;-cta;0.67;-ctb;10;-rsd;-r;10
3;17;1.6610169491525424;-d;;;;;;;-rsd;-r;10
3;18;1.6610169491525424;-d;-rrt;;;;;;;;
3;19;1.6610169491525424;-d;-rrt;-ct;-cta;0.0;-ctb;3;;;
3;20;1.6610169491525424;-d;-rrt;;;;;;;;
3;21;1.6610169491525424;-d;-rrt;;;;;;;;
3;22;1.6610169491525424;-d;;;;;;;;;
3;23;1.6610169491525424;-d;;;;;;;;;
3;24;1.6065573770491803;-d;-rrt;-ct;-cta;0.33;-ctb;1;;;
3;25;1.6610169491525424;-d;-rrt;;;;;;-rsd;-r;10
3;26;1.5806451612903225;;;-ct;-cta;0.0;-ctb;1;;;
3;27;1.6610169491525424;-d;-rrt;;;;;;;;
3;28;1.6610169491525424;-d;;-ct;-cta;0.0;-ctb;3;;;
3;29;1.6610169491525424;-d;-rrt;-ct;-cta;0.0;-ctb;1;;;
3;30;1.5076923076923077;-d;-rrt;-ct;-cta;0.33;-ctb;3;-rsd;-r;1
3;31;1.53125;;-rrt;;;;;;-rsd;-r;10
3;32;1.5076923076923077;;;-ct;-cta;0.0;-ctb;3;;;
3;33;1.5806451612903225;;-rrt;;;;;;;;
3;34;1.5806451612903225;;-rrt;-ct;-cta;0.0;-ctb;1;;;
3;35;1.6610169491525424;-d;-rrt;;;;;;;;
3;36;1.5806451612903225;-d;;-ct;-cta;1.0;-ctb;1;;;
3;37;1.0;-d;-rrt;-ct;-cta;1.0;-ctb;10;;;
3;38;1.6610169491525424;-d;;;;;;;;;
3;39;1.462686567164179;-d;-rrt;-ct;-cta;0.67;-ctb;3;;;
4;0;1.6610169491525424;-d;-rrt;;;;;;;;
4;1;1.6610169491525424;-d;-rrt;;;;;;;;
4;2;1.6610169491525424;-d;;;;;;;;;
4;3;1.6610169491525424;-d;;;;;;;;;
4;4;1.6610169491525424;-d;-rrt;;;;;;-rsd;-r;10
4;5;1.6610169491525424;-d;-rrt;;;;;;;;
4;6;1.6610169491525424;-d;;-ct;-cta;0.0;-ctb;3;;;
4;7;1.6610169491525424;-d;-rrt;-ct;-cta;0.0;-ctb;1;;;
4;8;1.6610169491525424;-d;-rrt;;;;;;;;
4;9;1.6610169491525424;-d;;;;;;;;;
4;10;1.6610169491525424;-d;-rrt;;;;;;-rsd;-r;10
4;11;1.6610169491525424;-d;-rrt;;;;;;;;
4;12;1.5806451612903225;;-rrt;;;;;;;;
4;13;1.6610169491525424;-d;-rrt;-ct;-cta;0.0;-ctb;1;;;
4;14;1.2894736842105263;-d;-rrt;-ct;-cta;0.0;-ctb;10;;;
4;15;1.6610169491525424;-d;-rrt;-ct;-cta;0.0;-ctb;3;;;
4;16;1.4411764705882353;-d;;-ct;-cta;1.0;-ctb;3;-rsd;-r;1
4;17;1.5806451612903225;;;;;;;;;;
4;18;1.5555555555555556;-d;-rrt;-ct;-cta;0.67;-ctb;1;;;
4;19;1.5806451612903225;;-rrt;;;;;;;;
4;20;1.6610169491525424;-d;-rrt;-ct;-cta;0.0;-ctb;1;;;
4;21;1.5555555555555556;-d;-rrt;-ct;-cta;0.33;-ctb;3;;;
4;22;1.6610169491525424;-d;-rrt;;;;;;;;
4;23;1.6610169491525424;-d;;;;;;;-rsd;-r;10
4;24;1.5806451612903225;-d;;;;;;;-rsd;-r;5
4;25;1.5806451612903225;;-rrt;-ct;-cta;0.0;-ctb;1;;;
4;26;1.6610169491525424;-d;;-ct;-cta;0.0;-ctb;1;;;
4;27;1.0;-d;-rrt;-ct;-cta;1.0;-ctb;10;-rsd;-r;10
4;28;1.5555555555555556;-d;;-ct;-cta;0.67;-ctb;1;;;
4;29;1.6610169491525424;-d;-rrt;-ct;-cta;0.0;-ctb;1;;;
4;30;1.53125;;-rrt;;;;;;-rsd;-r;10
4;31;1.2894736842105263;-d;;-ct;-cta;0.0;-ctb;10;;;
4;32;1.5806451612903225;;-rrt;;;;;;;;
4;33;1.6610169491525424;-d;;;;;;;;;
4;34;1.5806451612903225;-d;;;;;;;-rsd;-r;5
4;35;1.462686567164179;-d;-rrt;-ct;-cta;0.67;-ctb;3;;;
4;36;1.1951219512195121;-d;;-ct;-cta;0.33;-ctb;10;;;
4;37;1.5555555555555556;;-rrt;-ct;-cta;0.67;-ctb;1;;;
4;38;1.6610169491525424;-d;-rrt;;;;;;-rsd;-r;10
4;39;1.6610169491525424;-d;-rrt;-ct;-cta;0.0;-ctb;1;-rsd;-r;10
5;0;1.6610169491525424;-d;-rrt;-ct;-cta;0.0;-ctb;1;;;
5;1;1.6610169491525424;-d;-rrt;-ct;-cta;0.0;-ctb;3;;;
5;2;1.6610169491525424;-d;-rrt;-ct;-cta;0.0;-ctb;1;;;
5;3;1.6610169491525424;-d;-rrt;;;;;;;;
5;4;1.6610169491525424;-d;;;;;;;-rsd;-r;10
5;5;1.6610169491525424;-d;;-ct;-cta;0.0;-ctb;1;;;
5;6;1.6610169491525424;-d;-rrt;-ct;-cta;0.0;-ctb;1;;;
5;7;1.6610169491525424;-d;;;;;;;;;
5;8;1.6610169491525424;-d;-rrt;;;;;;-rsd;-r;10
5;9;1.6610169491525424;-d;-rrt;-ct;-cta;0.0;-ctb;1;-rsd;-r;10
5;10;1.180722891566265;;;-ct;-cta;0.67;-ctb;10;;;
5;11;1.4411764705882353;-d;;-ct;-cta;0.67;-ctb;3;;;
5;12;1.53125;;;;;;;;-rsd;-r;10
5;13;1.6065573770491803;-d;-rrt;-ct;-cta;1.0;-ctb;1;-rsd;-r;10
5;14;1.5555555555555556;-d;;;;;;;-rsd;-r;1
5;15;1.53125;;;;;;;;-rsd;-r;10
5;16;1.6610169491525424;-d;-rrt;;;;;;;;
5;17;1.53125;;-rrt;-ct;-cta;1.0;-ctb;1;;;
5;18;1.462686567164179;-d;-rrt;-ct;-cta;0.67;-ctb;3;;;
5;19;1.6610169491525424;-d;;;;;;;;;
5;20;1.5555555555555556;-d;-rrt;-ct;-cta;0.33;-ctb;3;;;
5;21;1.6610169491525424;-d;;;;;;;;;
5;22;1.5806451612903225;-d;;-ct;-cta;0.33;-ctb;1;-rsd;-r;1
5;23;1.6610169491525424;-d;;;;;;;;;
5;24;1.6610169491525424;-d;;-ct;-cta;0.0;-ctb;1;-rsd;-r;10
5;25;1.2894736842105263;-d;-rrt;-ct;-cta;0.0;-ctb;10;;;
5;26;1.6610169491525424;-d;-rrt;;;;;;;;
5;27;1.6610169491525424;-d;-rrt;;;;;;;;
5;28;1.2894736842105263;-d;-rrt;-ct;-cta;0.0;-ctb;10;-rsd;-r;10
5;29;1.6065573770491803;-d;-rrt;-ct;-cta;0.33;-ctb;1;-rsd;-r;5
5;30;1.6610169491525424;-d;;-ct;-cta;0.0;-ctb;3;;;
5;31;1.5806451612903225;;-rrt;;;;;;;;
5;32;1.5555555555555556;-d;;-ct;-cta;0.67;-ctb;1;;;
5;33;1.6610169491525424;-d;;;;;;;;;
5;34;1.2894736842105263;-d;-rrt;-ct;-cta;0.0;-ctb;10;;;
5;35;1.6610169491525424;-d;-rrt;-ct;-cta;0.0;-ctb;1;;;
5;36;1.6065573770491803;-d;-rrt;-ct;-cta;1.0;-ctb;1;-rsd;-r;10
5;37;1.5555555555555556;-d;-rrt;-ct;-cta;0.0;-ctb;1;-rsd;-r;1
5;38;1.6610169491525424;-d;-rrt;;;;;;;;
5;39;1.6610169491525424;-d;;-ct;-cta;0.0;-ctb;3;;;
6;0;1.6610169491525424;-d;;;;;;;;;
6;1;1.6610169491525424;-d;;;;;;;;;
6;2;1.6610169491525424;-d;;-ct;-cta;0.0;-ctb;1;-rsd;-r;10
6;3;1.6610169491525424;-d;-rrt;;;;;;;;
6;4;1.6610169491525424;-d;-rrt;;;;;;;;
6;5;1.6610169491525424;-d;;-ct;-cta;0.0;-ctb;3;;;
6;6;1.6610169491525424;-d;;;;;;;;;
6;7;1.6610169491525424;-d;-rrt;-ct;-cta;0.0;-ctb;1;;;
6;8;1.6610169491525424;-d;-rrt;;;;;;;;
6;9;1.6610169491525424;-d;;-ct;-cta;0.0;-ctb;3;;;
6;10;1.6065573770491803;-d;;-ct;-cta;0.33;-ctb;1;;;
6;11;1.6610169491525424;-d;;-ct;-cta;0.0;-ctb;1;;;
6;12;1.5555555555555556;-d;;-ct;-cta;0.67;-ctb;1;-rsd;-r;10
6;13;1.0;-d;-rrt;-ct;-cta;1.0;-ctb;10;;;
6;14;1.6610169491525424;-d;-rrt;;;;;;;;
6;15;1.5806451612903225;;;;;;;;;;
6;16;1.6610169491525424;-d;-rrt;;;;;;;;
6;17;1.5806451612903225;;-rrt;-ct;-cta;0.0;-ctb;1;;;
6;18;1.6610169491525424;-d;;;;;;;;;
6;19;1.6610169491525424;-d;-rrt;-ct;-cta;0.0;-ctb;1;;;
6;20;1.5555555555555556;-d;;-ct;-cta;0.0;-ctb;1;-rsd;-r;1
6;21;1.6610169491525424;-d;;-ct;-cta;0.0;-ctb;3;;;
6;22;1.5806451612903225;;-rrt;;;;;;;;
6;23;1.6610169491525424;-d;-rrt;;;;;;;;
6;24;1.2894736842105263;-d;;-ct;-cta;0.0;-ctb;10;;;
6;25;1.6610169491525424;-d;-rrt;;;;;;;;
6;26;1.53125;-d;-rrt;-ct;-cta;0.0;-ctb;3;-rsd;-r;1
6;27;1.5555555555555556;-d;;-ct;-cta;0.67;-ctb;1;;;
6;28;1.6610169491525424;-d;;-ct;-cta;0.0;-ctb;3;-rsd;-r;10
6;29;1.6610169491525424;-d;;;;;;;-rsd;-r;10
6;30;1.1951219512195121;-d;;-ct;-cta;0.33;-ctb;10;-rsd;-r;10
6;31;1.5806451612903225;-d;;-ct;-cta;1.0;-ctb;1;;;
6;32;1.5555555555555556;-d;-rrt;;;;;;-rsd;-r;1
6;33;1.6065573770491803;-d;-rrt;-ct;-cta;1.0;-ctb;1;-rsd;-r;10
6;34;1.5555555555555556;-d;;;;;;;-rsd;-r;1
6;35;1.2894736842105263;-d;;-ct;-cta;0.0;-ctb;10;-rsd;-r;1
6;36;1.53125;-d;-rrt;-ct;-cta;0.0;-ctb;3;-rsd;-r;1
6;37;1.6610169491525424;-d;-rrt;-ct;-cta;0.0;-ctb;1;;;
6;38;1.6610169491525424;-d;;-ct;-cta;0.0;-ctb;3;;;
6;39;1.6610169491525424;-d;-rrt;-ct;-cta;0.0;-ctb;3;;;
7;0;1.6610169491525424;-d;;;;;;;;;
7;1;1.6610169491525424;-d;-rrt;-ct;-cta;0.0;-ctb;1;;;
7;2;1.6610169491525424;-d;;-ct;-cta;0.0;-ctb;3;;;
7;3;1.6610169491525424;-d;-rrt;;;;;;;;
7;4;1.6610169491525424;-d;-rrt;;;;;;;;
7;5;1.6610169491525424;-d;;-ct;-cta;0.0;-ctb;3;-rsd;-r;10
7;6;1.6610169491525424;-d;;;;;;;-rsd;-r;10
7;7;1.6610169491525424;-d;-rrt;-ct;-cta;0.0;-ctb;1;;;
7;8;1.6610169491525424;-d;;-ct;-cta;0.0;-ctb;3;;;
7;9;1.6610169491525424;-d;-rrt;-ct;-cta;0.0;-ctb;3;;;
7;10;1.0;-d;;-ct;-cta;1.0;-ctb;10;;;
7;11;1.5555555555555556;-d;;-ct;-cta;0.67;-ctb;1;;;
7;12;1.6610169491525424;-d;;-ct;-cta;0.0;-ctb;1;;;
7;13;1.6610169491525424;-d;;;;;;;-rsd;-r;10
7;14;1.5806451612903225;;-rrt;;;;;;;;
7;15;1.4411764705882353;-d;;-ct;-cta;0.67;-ctb;3;;;
7;16;1.180722891566265;-d;;-ct;-cta;0.67;-ctb;10;;;
7;17;1.6610169491525424;-d;;-ct;-cta;0.0;-ctb;1;;;
7;18;1.6610169491525424;-d;-rrt;;;;;;;;
7;19;1.5806451612903225;;;-ct;-cta;0.0;-ctb;1;;;
7;20;1.6610169491525424;-d;-rrt;;;;;;-rsd;-r;10
7;21;1.5076923076923077;-d;;-ct;-cta;0.33;-ctb;3;-rsd;-r;1
7;22;1.5555555555555556;-d;-rrt;-ct;-cta;0.67;-ctb;1;;;
7;23;1.6610169491525424;-d;-rrt;;;;;;;;
7;24;1.5555555555555556;-d;;;;;;;-rsd;-r;1
7;25;1.2894736842105263;-d;-rrt;-ct;-cta;0.0;-ctb;10;-rsd;-r;10
7;26;1.5806451612903225;-d;-rrt;;;;;;-rsd;-r;5
7;27;1.5555555555555556;-d;;;;;;;-rsd;-r;1
7;28;1.6610169491525424;-d;;;;;;;;;
7;29;1.380281690140845;;;-ct;-cta;1.0;-ctb;3;-rsd;-r;10
7;30;1.6610169491525424;-d;;;;;;;-rsd;-r;10
7;31;1.6610169491525424;-d;-rrt;-ct;-cta;0.0;-ctb;1;-rsd;-r;10
7;32;1.6065573770491803;-d;-rrt;-ct;-cta;0.33;-ctb;1;;;
7;33;1.6065573770491803;-d;;-ct;-cta;0.33;-ctb;1;;;
7;34;1.5806451612903225;;;;;;;;;;
7;35;1.6610169491525424;-d;;;;;;;;;
7;36;1.6610169491525424;-d;-rrt;;;;;;;;
7;37;1.6610169491525424;-d;;;;;;;;;
7;38;1.53125;-d;;-ct;-cta;0.0;-ctb;3;-rsd;-r;5
7;39;1.6610169491525424;-d;-rrt;-ct;-cta;0.0;-ctb;3;;;
8;0;1.6610169491525424;-d;-rrt;;;;;;;;
8;1;1.6610169491525424;-d;-rrt;;;;;;-rsd;-r;10
8;2;1.6610169491525424;-d;-rrt;;;;;;;;
8;3;1.6610169491525424;-d;;;;;;;;;
8;4;1.6610169491525424;-d;;;;;;;-rsd;-r;10
8;5;1.6610169491525424;-d;-rrt;-ct;-cta;0.0;-ctb;1;-rsd;-r;10
8;6;1.6610169491525424;-d;;;;;;;;;
8;7;1.6610169491525424;-d;-rrt;;;;;;;;
8;8;1.6610169491525424;-d;;;;;;;;;
8;9;1.6610169491525424;-d;-rrt;-ct;-cta;0.0;-ctb;3;;;
8;10;1.1951219512195121;-d;-rrt;-ct;-cta;0.33;-ctb;10;;;
8;11;1.6065573770491803;-d;-rrt;-ct;-cta;1.0;-ctb;1;-rsd;-r;10
8;12;1.5555555555555556;-d;;-ct;-cta;0.67;-ctb;1;;;
8;13;1.6610169491525424;-d;-rrt;;;;;;-rsd;-r;10
8;14;1.6610169491525424;-d;-rrt;;;;;;;;
8;15;1.5555555555555556;-d;;;;;;;-rsd;-r;1
8;16;1.5806451612903225;-d;-rrt;;;;;;-rsd;-r;5
8;17;1.53125;;-rrt;;;;;;-rsd;-r;10
8;18;1.6610169491525424;-d;;;;;;;-rsd;-r;10
8;19;1.53125;;;;;;;;-rsd;-r;10
8;20;1.1951219512195121;-d;-rrt;-ct;-cta;0.33;-ctb;10;-rsd;-r;10
8;21;1.53125;;-rrt;;;;;;-rsd;-r;10
8;22;1.6610169491525424;-d;-rrt;-ct;-cta;0.0;-ctb;3;-rsd;-r;10
8;23;1.5806451612903225;;;;;;;;;;
8;24;1.53125;;-rrt;-ct;-cta;0.0;-ctb;1;-rsd;-r;5
8;25;1.6610169491525424;-d;-rrt;;;;;;;;
8;26;1.53125;;-rrt;;;;;;-rsd;-r;5
8;27;1.6610169491525424;-d;-rrt;;;;;;;;
8;28;1.5555555555555556;-d;-rrt;-ct;-cta;0.67;-ctb;1;;;
8;29;1.6610169491525424;-d;;;;;;;;;
8;30;1.53125;;-rrt;;;;;;-rsd;-r;10
8;31;1.5806451612903225;;;;;;;;;;
8;32;1.6610169491525424;-d;-rrt;;;;;;-rsd;-r;10
8;33;1.5806451612903225;;;-ct;-cta;0.0;-ctb;1;;;
8;34;1.5806451612903225;-d;;-ct;-cta;1.0;-ctb;1;-rsd;-r;10
8;35;1.5555555555555556;-d;-rrt;-ct;-cta;0.0;-ctb;1;-rsd;-r;1
8;36;1.6065573770491803;-d;;-ct;-cta;0.33;-ctb;1;;;
8;37;1.5076923076923077;;;;;;;;-rsd;-r;1
8;38;1.6610169491525424;-d;-rrt;;;;;;;;
8;39;1.2894736842105263;-d;-rrt;-ct;-cta;0.0;-ctb;10;;;
9;0;1.6610169491525424;-d;-rrt;-ct;-cta;0.0;-ctb;3;;;
9;1;1.6610169491525424;-d;-rrt;;;;;;-rsd;-r;10
9;2;1.6610169491525424;-d;-rrt;;;;;;;;
9;3;1.6610169491525424;-d;;;;;;;-rsd;-r;10
9;4;1.6610169491525424;-d;-rrt;-ct;-cta;0.0;-ctb;3;-rsd;-r;10
9;5;1.6610169491525424;-d;-rrt;;;;;;;;
9;6;1.6610169491525424;-d;-rrt;;;;;;;;
9;7;1.6610169491525424;-d;;;;;;;;;
9;8;1.6610169491525424;-d;-rrt;;;;;;-rsd;-r;10
9;9;1.6610169491525424;-d;-rrt;;;;;;;;
9;10;1.180722891566265;-d;;-ct;-cta;0.67;-ctb;10;-rsd;-r;10
9;11;1.6610169491525424;-d;-rrt;-ct;-cta;0.0;-ctb;1;-rsd;-r;10
9;12;1.5555555555555556;-d;-rrt;;;;;;-rsd;-r;1
9;13;1.6610169491525424;-d;-rrt;;;;;;;;
9;14;1.6065573770491803;-d;-rrt;-ct;-cta;0.33;-ctb;1;-rsd;-r;10
9;15;1.6610169491525424;-d;;;;;;;-rsd;-r;10
9;16;1.5555555555555556;-d;-rrt;-ct;-cta;0.33;-ctb;3;;;
9;17;1.5555555555555556;-d;-rrt;-ct;-cta;0.67;-ctb;1;;;
9;18;1.6065573770491803;-d;-rrt;-ct;-cta;1.0;-ctb;1;;;
9;19;1.53125;;-rrt;;;;;;-rsd;-r;10
9;20;1.6610169491525424;-d;;;;;;;;;
9;21;1.6610169491525424;-d;-rrt;;;;;;;;
9;22;1.4848484848484849;-d;-rrt;-ct;-cta;1.0;-ctb;3;;;
9;23;1.5555555555555556;-d;;-ct;-cta;0.67;-ctb;1;-rsd;-r;5
9;24;1.6610169491525424;-d;;-ct;-cta;0.0;-ctb;3;;;
9;25;1.5806451612903225;;-rrt;;;;;;;;
9;26;1.6610169491525424;-d;-rrt;;;;;;;;
9;27;1.5806451612903225;;-rrt;;;;;;;;
9;28;1.6610169491525424;-d;-rrt;-ct;-cta;0.0;-ctb;3;;;
9;29;1.6610169491525424;-d;-rrt;;;;;;-rsd;-r;10
9;30;1.5076923076923077;;-rrt;;;;;;-rsd;-r;1
9;31;1.6610169491525424;-d;-rrt;-ct;-cta;0.0;-ctb;1;;;
9;32;1.4848484848484849;-d;-rrt;-ct;-cta;1.0;-ctb;3;;;
9;33;1.5806451612903225;-d;;;;;;;-rsd;-r;5
9;34;1.5806451612903225;;;;;;;;;;
9;35;1.5555555555555556;-d;-rrt;-ct;-cta;0.33;-ctb;3;-rsd;-r;10
9;36;1.5806451612903225;;-rrt;;;;;;;;
9;37;1.6610169491525424;-d;;-ct;-cta;0.0;-ctb;3;-rsd;-r;10
9;38;1.6610169491525424;-d;;-ct;-cta;0.0;-ctb;1;-rsd;-r;10
9;39;1.6610169491525424;-d;;;;;;;;;
10;0;1.6610169491525424;-d;;;;;;;;;
10;1;1.6610169491525424;-d;-rrt;;;;;;;;
10;2;1.6610169491525424;-d;;-ct;-cta;0.0;-ctb;3;;;
10;3;1.6610169491525424;-d;-rrt;;;;;;;;
10;4;1.6610169491525424;-d;-rrt;-ct;-cta;0.0;-ctb;3;;;
10;5;1.6610169491525424;-d;-rrt;;;;;;-rsd;-r;10
10;6;1.6610169491525424;-d;-rrt;-ct;-cta;0.0;-ctb;1;;;
10;7;1.6610169491525424;-d;;-ct;-cta;0.0;-ctb;3;-rsd;-r;10
10;8;1.6610169491525424;-d;;-ct;-cta;0.0;-ctb;1;-rsd;-r;10
10;9;1.6610169491525424;-d;;;;;;;;;
10;10;1.5806451612903225;;-rrt;;;;;;;;
10;11;1.6610169491525424;-d;-rrt;;;;;;;;
10;12;1.5806451612903225;;-rrt;;;;;;;;
10;13;1.5806451612903225;;-rrt;;;;;;;;
10;14;1.6610169491525424;-d;;;;;;;-rsd;-r;10
10;15;1.5806451612903225;;-rrt;;;;;;;;
10;16;1.6065573770491803;-d;-rrt;-ct;-cta;0.33;-ctb;1;;;
10;17;1.6610169491525424;-d;-rrt;;;;;;;;
10;18;1.6610169491525424;-d;-rrt;;;;;;;;
10;19;1.6610169491525424;-d;;;;;;;-rsd;-r;10
10;20;1.6610169491525424;-d;;-ct;-cta;0.0;-ctb;3;;;
10;21;1.6610169491525424;-d;;;;;;;;;
10;22;1.6610169491525424;-d;;-ct;-cta;0.0;-ctb;3;-rsd;-r;10
10;23;1.6610169491525424;-d;;;;;;;;;
10;24;1.4411764705882353;-d;;-ct;-cta;0.67;-ctb;3;;;
10;25;1.6610169491525424;-d;;-ct;-cta;0.0;-ctb;3;-rsd;-r;10
10;26;1.5555555555555556;-d;-rrt;;;;;;-rsd;-r;1
10;27;1.5806451612903225;;;;;;;;;;
10;28;1.6610169491525424;-d;;;;;;;;;
10;29;1.4411764705882353;-d;;-ct;-cta;0.67;-ctb;3;;;
10;30;1.5806451612903225;-d;-rrt;;;;;;-rsd;-r;5
10;31;1.5076923076923077;;-rrt;-ct;-cta;0.0;-ctb;1;-rsd;-r;1
10;32;1.6610169491525424;-d;-rrt;-ct;-cta;0.0;-ctb;3;;;
10;33;1.180722891566265;;-rrt;-ct;-cta;0.67;-ctb;10;;;
10;34;1.5555555555555556;-d;-rrt;-ct;-cta;0.33;-ctb;3;;;
10;35;1.2894736842105263;-d;-rrt;-ct;-cta;0.0;-ctb;10;;;
10;36;1.6610169491525424;-d;;-ct;-cta;0.0;-ctb;3;;;
10;37;1.5076923076923077;;;-ct;-cta;0.0;-ctb;3;;;
10;38;1.6610169491525424;-d;;-ct;-cta;0.0;-ctb;1;;;
10;39;1.5806451612903225;-d;;-ct;-cta;1.0;-ctb;1;;;
11;0;1.6610169491525424;-d;;;;;;;-rsd;-r;10
11;1;1.6610169491525424;-d;;-ct;-cta;0.0;-ctb;3;;;
11;2;1.6610169491525424;-d;;;;;;;;;
11;3;1.6610169491525424;-d;;-ct;-cta;0.0;-ctb;3;-rsd;-r;10
11;4;1.6610169491525424;-d;;;;;;;;;
11;5;1.6610169491525424;-d;;-ct;-cta;0.0;-ctb;3;-rsd;-r;10
11;6;1.6610169491525424;-d;;;;;;;;;
11;7;1.6610169491525424;-d;-rrt;-ct;-cta;0.0;-ctb;3;;;
11;8;1.6610169491525424;-d;;-ct;-cta;0.0;-ctb;3;;;
11;9;1.6610169491525424;-d;;-ct;-cta;0.0;-ctb;1;;;
11;10;1.4411764705882353;-d;;-ct;-cta;1.0;-ctb;3;-rsd;-r;10
11;11;1.6610169491525424;-d;;;;;;;;;
11;12;1.4411764705882353;-d;;-ct;-cta;0.67;-ctb;3;-rsd;-r;5
11;13;1.4411764705882353;-d;;-ct;-cta;1.0;-ctb;3;;;
11;14;1.6610169491525424;-d;;;;;;;;;
11;15;1.6610169491525424;-d;-rrt;-ct;-cta;0.0;-ctb;1;;;
11;16;1.5555555555555556;-d;;-ct;-cta;0.33;-ctb;3;;;
11;17;1.4411764705882353;-d;;-ct;-cta;0.67;-ctb;3;;;
11;18;1.5555555555555556;-d;-rrt;-ct;-cta;0.33;-ctb;3;;;
11;19;1.4411764705882353;-d;;-ct;-cta;0.67;-ctb;3;-rsd;-r;10
11;20;1.53125;-d;;-ct;-cta;0.0;-ctb;3;-rsd;-r;1
11;21;1.6610169491525424;-d;;;;;;;-rsd;-r;10
11;22;1.4411764705882353;-d;;-ct;-cta;0.67;-ctb;3;;;
11;23;1.6610169491525424;-d;;;;;;;;;
11;24;1.6610169491525424;-d;;;;;;;;;
11;25;1.5555555555555556;-d;;;;;;;-rsd;-r;1
11;26;1.4411764705882353;-d;;-ct;-cta;1.0;-ctb;3;;;
11;27;1.5806451612903225;-d;;;;;;;-rsd;-r;5
11;28;1.5555555555555556;-d;;-ct;-cta;0.33;-ctb;3;;;
11;29;1.6610169491525424;-d;;;;;;;;;
11;30;1.6610169491525424;-d;;-ct;-cta;0.0;-ctb;1;;;
11;31;1.6610169491525424;-d;;-ct;-cta;0.0;-ctb;1;;;
11;32;1.5806451612903225;;;;;;;;;;
11;33;1.2894736842105263;-d;;-ct;-cta;0.0;-ctb;10;-rsd;-r;10
11;34;1.6610169491525424;-d;;-ct;-cta;0.0;-ctb;3;;;
11;35;1.53125;-d;;-ct;-cta;0.0;-ctb;3;-rsd;-r;5
11;36;1.6610169491525424;-d;;;;;;;-rsd;-r;10
11;37;1.5076923076923077;;;;;;;;-rsd;-r;1
11;38;1.6610169491525424;-d;;-ct;-cta;0.0;-ctb;3;-rsd;-r;10
11;39;1.180722891566265;-d;-rrt;-ct;-cta;0.67;-ctb;10;-rsd;-r;10
12;0;1.6610169491525424;-d;-rrt;-ct;-cta;0.0;-ctb;1;;;
12;1;1.6610169491525424;-d;;;;;;;-rsd;-r;10
12;2;1.6610169491525424;-d;;;;;;;;;
12;3;1.6610169491525424;-d;;;;;;;;;
12;4;1.6610169491525424;-d;;;;;;;;;
12;5;1.6610169491525424;-d;;-ct;-cta;0.0;-ctb;1;;;
12;6;1.6610169491525424;-d;;-ct;-cta;0.0;-ctb;1;;;
12;7;1.6610169491525424;-d;;-ct;-cta;0.0;-ctb;3;;;
12;8;1.6610169491525424;-d;;;;;;;-rsd;-r;10
12;9;1.6610169491525424;-d;;-ct;-cta;0.0;-ctb;3;-rsd;-r;10
12;10;1.53125;-d;;-ct;-cta;0.0;-ctb;3;-rsd;-r;5
12;11;1.0;-d;-rrt;-ct;-cta;1.0;-ctb;10;;;
12;12;1.2894736842105263;-d;;-ct;-cta;0.0;-ctb;10;-rsd;-r;10
12;13;1.6610169491525424;-d;;-ct;-cta;0.0;-ctb;3;;;
12;14;1.6610169491525424;-d;-rrt;;;;;;;;
12;15;1.180722891566265;-d;;-ct;-cta;0.67;-ctb;10;-rsd;-r;10
12;16;1.5806451612903225;-d;;;;;;;-rsd;-r;5
12;17;1.4411764705882353;-d;;-ct;-cta;0.67;-ctb;3;;;
12;18;1.5555555555555556;-d;;-ct;-cta;0.67;-ctb;1;;;
12;19;1.2894736842105263;-d;;-ct;-cta;0.0;-ctb;10;;;
12;20;1.6610169491525424;-d;-rrt;;;;;;;;
12;21;1.6610169491525424;-d;;;;;;;;;
12;22;1.6610169491525424;-d;;;;;;;;;
12;23;1.5555555555555556;-d;;;;;;;-rsd;-r;1
12;24;1.6065573770491803;-d;-rrt;-ct;-cta;0.33;-ctb;1;;;
12;25;1.5806451612903225;-d;;-ct;-cta;0.33;-ctb;1;-rsd;-r;1
12;26;1.6610169491525424;-d;;;;;;;;;
12;27;1.4848484848484849;-d;-rrt;-ct;-cta;1.0;-ctb;3;;;
12;28;1.5806451612903225;-d;;-ct;-cta;0.0;-ctb;1;-rsd;-r;5
12;29;1.4411764705882353;-d;;-ct;-cta;1.0;-ctb;3;-rsd;-r;10
12;30;1.5555555555555556;-d;;;;;;;-rsd;-r;1
12;31;1.53125;;;;;;;;-rsd;-r;10
12;32;1.5806451612903225;-d;;-ct;-cta;1.0;-ctb;1;;;
12;33;1.6610169491525424;-d;-rrt;;;;;;;;
12;34;1.6065573770491803;-d;;-ct;-cta;0.33;-ctb;1;;;
12;35;1.2894736842105263;-d;-rrt;-ct;-cta;0.0;-ctb;10;;;
12;36;1.53125;-d;;-ct;-cta;0.0;-ctb;3;-rsd;-r;5
12;37;1.6610169491525424;-d;;-ct;-cta;0.0;-ctb;1;-rsd;-r;10
12;38;1.5806451612903225;-d;;-ct;-cta;1.0;-ctb;1;;;
12;39;1.6610169491525424;-d;;;;;;;;;
13;0;1.6610169491525424;-d;;-ct;-cta;0.0;-ctb;3;-rsd;-r;10
13;1;1.6610169491525424;-d;;-ct;-cta;0.0;-ctb;3;;;
13;2;1.6610169491525424;-d;-rrt;;;;;;;;
13;3;1.6610169491525424;-d;-rrt;;;;;;;;
13;4;1.6610169491525424;-d;;;;;;;;;
13;5;1.6610169491525424;-d;;;;;;;;;
13;6;1.6610169491525424;-d;;;;;;;;;
13;7;1.6610169491525424;-d;-rrt;;;;;;;;
13;8;1.6610169491525424;-d;;-ct;-cta;0.0;-ctb;1;-rsd;-r;10
13;9;1.6610169491525424;-d;;;;;;;;;
13;10;1.6610169491525424;-d;;;;;;;-rsd;-r;10
13;11;1.5555555555555556;-d;;-ct;-cta;0.67;-ctb;1;-rsd;-r;10
13;12;1.6610169491525424;-d;;;;;;;;;
13;13;1.6610169491525424;-d;;;;;;;;;
13;14;1.4411764705882353;-d;;-ct;-cta;1.0;-ctb;3;;;
13;15;1.53125;-d;-rrt;-ct;-cta;0.0;-ctb;3;-rsd;-r;5
13;16;1.2894736842105263;-d;;-ct;-cta;0.0;-ctb;10;;;
13;17;1.6610169491525424;-d;;;;;;;;;
13;18;1.2894736842105263;-d;;-ct;-cta;0.0;-ctb;10;-rsd;-r;1
13;19;1.6610169491525424;-d;;-ct;-cta;0.0;-ctb;3;-rsd;-r;10
13;20;1.5555555555555556;-d;;-ct;-cta;0.0;-ctb;1;-rsd;-r;1
13;21;1.5555555555555556;-d;;-ct;-cta;0.67;-ctb;1;;;
13;22;1.5806451612903225;-d;;-ct;-cta;1.0;-ctb;1;-rsd;-r;5
13;23;1.6065573770491803;-d;;-ct;-cta;0.33;-ctb;1;;;
13;24;1.6610169491525424;-d;;-ct;-cta;0.0;-ctb;3;;;
13;25;1.5555555555555556;-d;-rrt;-ct;-cta;0.33;-ctb;3;;;
13;26;1.6610169491525424;-d;-rrt;-ct;-cta;0.0;-ctb;3;-rsd;-r;10
13;27;1.6610169491525424;-d;-rrt;-ct;-cta;0.0;-ctb;1;-rsd;-r;10
13;28;1.5555555555555556;-d;-rrt;-ct;-cta;0.33;-ctb;3;;;
13;29;1.6610169491525424;-d;-rrt;;;;;;-rsd;-r;10
13;30;1.6610169491525424;-d;-rrt;;;;;;;;
13;31;1.6610169491525424;-d;;;;;;;-rsd;-r;10
13;32;1.6610169491525424;-d;;;;;;;;;
13;33;1.4848484848484849;-d;-rrt;-ct;-cta;1.0;-ctb;3;;;
13;34;1.6065573770491803;-d;-rrt;-ct;-cta;1.0;-ctb;1;-rsd;-r;10
13;35;1.6610169491525424;-d;-rrt;-ct;-cta;0.0;-ctb;3;-rsd;-r;10
13;36;1.5555555555555556;-d;;-ct;-cta;0.33;-ctb;3;;;
13;37;1.5555555555555556;-d;;;;;;;-rsd;-r;1
13;38;1.6610169491525424;-d;;-ct;-cta;0.0;-ctb;1;-rsd;-r;10
13;39;1.5806451612903225;;;;;;;;;;
14;0;1.6610169491525424;-d;;-ct;-cta;0.0;-ctb;3;-rsd;-r;10
14;1;1.6610169491525424;-d;;-ct;-cta;0.0;-ctb;3;;;
14;2;1.6610169491525424;-d;-rrt;-ct;-cta;0.0;-ctb;3;-rsd;-r;10
14;3;1.6610169491525424;-d;-rrt;-ct;-cta;0.0;-ctb;1;-rsd;-r;10
14;4;1.6610169491525424;-d;-rrt;;;;;;-rsd;-r;10
14;5;1.6610169491525424;-d;-rrt;;;;;;;;
14;6;1.6610169491525424;-d;;;;;;;-rsd;-r;10
14;7;1.6610169491525424;-d;;;;;;;;;
14;8;1.6610169491525424;-d;-rrt;-ct;-cta;0.0;-ctb;3;-rsd;-r;10
14;9;1.6610169491525424;-d;;-ct;-cta;0.0;-ctb;1;-rsd;-r;10
14;10;1.5806451612903225;-d;;;;;;;-rsd;-r;5
14;11;1.0;-d;;-ct;-cta;1.0;-ctb;10;;;
14;12;1.6610169491525424;-d;;;;;;;;;
14;13;1.2894736842105263;-d;;-ct;-cta;0.0;-ctb;10;;;
14;14;1.6610169491525424;-d;-rrt;;;;;;-rsd;-r;10
14;15;1.2894736842105263;-d;-rrt;-ct;-cta;0.0;-ctb;10;-rsd;-r;10
14;16;1.6610169491525424;-d;;;;;;;-rsd;-r;10
14;17;1.6610169491525424;-d;-rrt;;;;;;-rsd;-r;10
14;18;1.6610169491525424;-d;-rrt;;;;;;-rsd;-r;10
14;19;1.6610169491525424;-d;-rrt;;;;;;;;
14;20;1.6610169491525424;-d;-rrt;;;;;;-rsd;-r;10
14;21;1.6610169491525424;-d;;;;;;;;;
14;22;1.4411764705882353;-d;;-ct;-cta;0.67;-ctb;3;;;
14;23;1.6610169491525424;-d;-rrt;-ct;-cta;0.0;-ctb;3;;;
14;24;1.53125;;-rrt;;;;;;-rsd;-r;10
14;25;1.5555555555555556;-d;;-ct;-cta;0.33;-ctb;3;-rsd;-r;10
14;26;1.6065573770491803;-d;-rrt;-ct;-cta;0.33;-ctb;1;-rsd;-r;10
14;27;1.2894736842105263;-d;;-ct;-cta;0.0;-ctb;10;-rsd;-r;5
14;28;1.6610169491525424;-d;;;;;;;;;
14;29;1.180722891566265;-d;;-ct;-cta;0.67;-ctb;10;;;
14;30;1.6610169491525424;-d;;;;;;;-rsd;-r;10
14;31;1.180722891566265;-d;-rrt;-ct;-cta;0.67;-ctb;10;;;
14;32;1.6610169491525424;-d;-rrt;;;;;;;;
14;33;1.6610169491525424;-d;-rrt;;;;;;;;
14;34;1.6610169491525424;-d;;;;;;;;;
14;35;1.380281690140845;;;-ct;-cta;1.0;-ctb;3;;;
14;36;1.6610169491525424;-d;;-ct;-cta;0.0;-ctb;1;;;
14;37;1.4848484848484849;-d;-rrt;-ct;-cta;1.0;-ctb;3;-rsd;-r;10
14;38;1.4848484848484849;;;-ct;-cta;0.0;-ctb;3;-rsd;-r;10
14;39;1.6065573770491803;-d;-rrt;-ct;-cta;1.0;-ctb;1;;;
15;0;1.6610169491525424;-d;-rrt;;;;;;;;
15;1;1.6610169491525424;-d;-rrt;;;;;;-rsd;-r;10
15;2;1.6610169491525424;-d;;;;;;;;;
15;3;1.6610169491525424;-d;-rrt;-ct;-cta;0.0;-ctb;3;;;
15;4;1.6610169491525424;-d;;;;;;;;;
15;5;1.6610169491525424;-d;;;;;;;-rsd;-r;10
15;6;1.6610169491525424;-d;-rrt;;;;;;;;
15;7;1.6610169491525424;-d;-rrt;;;;;;;;
15;8;1.6610169491525424;-d;;;;;;;;;
15;9;1.6610169491525424;-d;;-ct;-cta;0.0;-ctb;1;;;
15;10;1.6610169491525424;-d;;;;;;;;;
15;11;1.5555555555555556;-d;;;;;;;-rsd;-r;1
15;12;1.5555555555555556;-d;-rrt;;;;;;-rsd;-r;1
15;13;1.6610169491525424;-d;;;;;;;-rsd;-r;10
15;14;1.6065573770491803;-d;;-ct;-cta;0.33;-ctb;1;;;
15;15;1.462686567164179;-d;-rrt;-ct;-cta;0.67;-ctb;3;;;
15;16;1.6610169491525424;-d;-rrt;;;;;;;;
15;17;1.53125;-d;;-ct;-cta;0.0;-ctb;3;-rsd;-r;5
15;18;1.5555555555555556;-d;-rrt;-ct;-cta;0.0;-ctb;1;-rsd;-r;1
15;19;1.0;-d;;-ct;-cta;1.0;-ctb;10;;;
15;20;1.6610169491525424;-d;-rrt;;;;;;-rsd;-r;10
15;21;1.6610169491525424;-d;;;;;;;-rsd;-r;10
15;22;1.6610169491525424;-d;;-ct;-cta;0.0;-ctb;1;-rsd;-r;10
15;23;1.6065573770491803;-d;-rrt;-ct;-cta;1.0;-ctb;1;;;
15;24;1.4848484848484849;-d;-rrt;-ct;-cta;1.0;-ctb;3;-rsd;-r;10
15;25;1.53125;;-rrt;;;;;;-rsd;-r;10
15;26;1.6610169491525424;-d;-rrt;;;;;;;;
15;27;1.6610169491525424;-d;-rrt;;;;;;;;
15;28;1.6610169491525424;-d;;;;;;;;;
15;29;1.4411764705882353;-d;;-ct;-cta;1.0;-ctb;3;;;
15;30;1.4848484848484849;-d;-rrt;-ct;-cta;1.0;-ctb;3;;;
15;31;1.6065573770491803;-d;;-ct;-cta;0.33;-ctb;1;;;
15;32;1.6610169491525424;-d;-rrt;;;;;;;;
15;33;1.6610169491525424;-d;-rrt;-ct;-cta;0.0;-ctb;3;-rsd;-r;10
15;34;1.6610169491525424;-d;-rrt;;;;;;;;
15;35;1.6610169491525424;-d;-rrt;-ct;-cta;0.0;-ctb;1;;;
15;36;1.6610169491525424;-d;;-ct;-cta;0.0;-ctb;3;;;
15;37;1.53125;;-rrt;;;;;;-rsd;-r;10
15;38;1.5806451612903225;;;;;;;;;;
15;39;1.6610169491525424;-d;;;;;;;;;
16;0;1.6610169491525424;-d;;-ct;-cta;0.0;-ctb;1;-rsd;-r;10
16;1;1.6610169491525424;-d;-rrt;;;;;;;;
16;2;1.6610169491525424;-d;-rrt;;;;;;;;
16;3;1.6610169491525424;-d;;;;;;;;;
16;4;1.6610169491525424;-d;-rrt;;;;;;;;
16;5;1.6610169491525424;-d;-rrt;-ct;-cta;0.0;-ctb;3;-rsd;-r;10
16;6;1.6610169491525424;-d;-rrt;;;;;;;;
16;7;1.6610169491525424;-d;-rrt;-ct;-cta;0.0;-ctb;1;;;
16;8;1.6610169491525424;-d;;-ct;-cta;0.0;-ctb;3;;;
16;9;1.6610169491525424;-d;;;;;;;;;
16;10;1.6610169491525424;-d;;;;;;;-rsd;-r;10
16;11;1.6065573770491803;-d;;-ct;-cta;0.33;-ctb;1;-rsd;-r;10
16;12;1.5555555555555556;-d;;;;;;;-rsd;-r;1
16;13;1.5555555555555556;-d;-rrt;;;;;;-rsd;-r;1
16;14;1.6610169491525424;-d;-rrt;;;;;;;;
16;15;1.4848484848484849;-d;-rrt;-ct;-cta;1.0;-ctb;3;;;
16;16;1.6610169491525424;-d;-rrt;;;;;;;;
16;17;1.6610169491525424;-d;-rrt;;;;;;;;
16;18;1.6610169491525424;-d;-rrt;-ct;-cta;0.0;-ctb;1;-rsd;-r;10
16;19;1.380281690140845;;;-ct;-cta;1.0;-ctb;3;-rsd;-r;10
16;20;1.380281690140845;;;-ct;-cta;1.0;-ctb;3;;;
16;21;1.6610169491525424;-d;-rrt;-ct;-cta;0.0;-ctb;1;-rsd;-r;10
16;22;1.5806451612903225;;-rrt;;;;;;;;
16;23;1.0;-d;-rrt;-ct;-cta;1.0;-ctb;10;;;
16;24;1.6610169491525424;-d;;;;;;;;;
16;25;1.6610169491525424;-d;-rrt;;;;;;-rsd;-r;10
16;26;1.6610169491525424;-d;;;;;;;;;
16;27;1.5806451612903225;-d;-rrt;;;;;;-rsd;-r;5
16;28;1.6610169491525424;-d;-rrt;;;;;;-rsd;-r;10
16;29;1.5806451612903225;;;-ct;-cta;0.0;-ctb;1;;;
16;30;1.5806451612903225;-d;;-ct;-cta;0.0;-ctb;1;-rsd;-r;5
16;31;1.53125;-d;-rrt;-ct;-cta;0.0;-ctb;3;-rsd;-r;1
16;32;1.6610169491525424;-d;;;;;;;;;
16;33;1.6610169491525424;-d;-rrt;-ct;-cta;0.0;-ctb;1;;;
16;34;1.6610169491525424;-d;-rrt;;;;;;;;
16;35;1.5806451612903225;-d;;-ct;-cta;1.0;-ctb;1;-rsd;-r;10
16;36;1.6610169491525424;-d;-rrt;-ct;-cta;0.0;-ctb;3;;;
16;37;1.5806451612903225;;;;;;;;;;
16;38;1.0;-d;;-ct;-cta;1.0;-ctb;10;-rsd;-r;10
16;39;1.53125;;;;;;;;-rsd;-r;10
